{
  "bm25": {
    "nDCG": {
      "NDCG@1": 0.132,
      "NDCG@3": 0.18608,
      "NDCG@5": 0.21133,
      "NDCG@10": 0.23904
    },
    "Recall": {
      "Recall@1": 0.1095,
      "Recall@3": 0.22533,
      "Recall@5": 0.28433,
      "Recall@10": 0.36667
    },
    "MRR": {
      "MRR@1": 0.132,
      "MRR@3": 0.18933,
      "MRR@5": 0.20293,
      "MRR@10": 0.21375
    }
  },
  "dense": {
    "nDCG": {
      "NDCG@1": 0.104,
      "NDCG@3": 0.14378,
      "NDCG@5": 0.15828,
      "NDCG@10": 0.1712
    },
    "Recall": {
      "Recall@1": 0.0865,
      "Recall@3": 0.17267,
      "Recall@5": 0.20633,
      "Recall@10": 0.245
    },
    "MRR": {
      "MRR@1": 0.104,
      "MRR@3": 0.147,
      "MRR@5": 0.1545,
      "MRR@10": 0.16021
    }
  },
  "hybrid": {
    "nDCG": {
      "NDCG@1": 0.122,
      "NDCG@3": 0.18425,
      "NDCG@5": 0.20796,
      "NDCG@10": 0.23562
    },
    "Recall": {
      "Recall@1": 0.1005,
      "Recall@3": 0.22933,
      "Recall@5": 0.28433,
      "Recall@10": 0.36667
    },
    "MRR": {
      "MRR@1": 0.122,
      "MRR@3": 0.185,
      "MRR@5": 0.1978,
      "MRR@10": 0.20857
    }
  }
}