{
  "bm25": {
    "nDCG": {
      "NDCG@1": 0.126,
      "NDCG@3": 0.16002,
      "NDCG@5": 0.18813,
      "NDCG@10": 0.20961
    },
    "Recall": {
      "Recall@1": 0.11083,
      "Recall@3": 0.18633,
      "Recall@5": 0.25133,
      "Recall@10": 0.31267
    },
    "MRR": {
      "MRR@1": 0.126,
      "MRR@3": 0.16367,
      "MRR@5": 0.18007,
      "MRR@10": 0.18852
    }
  },
  "dense": {
    "nDCG": {
      "NDCG@1": 0.082,
      "NDCG@3": 0.11544,
      "NDCG@5": 0.127,
      "NDCG@10": 0.14205
    },
    "Recall": {
      "Recall@1": 0.07017,
      "Recall@3": 0.14067,
      "Recall@5": 0.16733,
      "Recall@10": 0.212
    },
    "MRR": {
      "MRR@1": 0.082,
      "MRR@3": 0.11767,
      "MRR@5": 0.12367,
      "MRR@10": 0.13022
    }
  },
  "hybrid": {
    "nDCG": {
      "NDCG@1": 0.118,
      "NDCG@3": 0.16083,
      "NDCG@5": 0.18755,
      "NDCG@10": 0.20832
    },
    "Recall": {
      "Recall@1": 0.10317,
      "Recall@3": 0.19133,
      "Recall@5": 0.25333,
      "Recall@10": 0.31267
    },
    "MRR": {
      "MRR@1": 0.118,
      "MRR@3": 0.163,
      "MRR@5": 0.1784,
      "MRR@10": 0.18652
    }
  }
}