{
  "bm25": {
    "nDCG": {
      "NDCG@1": 0.102,
      "NDCG@3": 0.15256,
      "NDCG@5": 0.19244,
      "NDCG@10": 0.20188
    },
    "Recall": {
      "Recall@1": 0.08783,
      "Recall@3": 0.189,
      "Recall@5": 0.28367,
      "Recall@10": 0.31033
    },
    "MRR": {
      "MRR@1": 0.102,
      "MRR@3": 0.152,
      "MRR@5": 0.1748,
      "MRR@10": 0.17889
    }
  },
  "dense": {
    "nDCG": {
      "NDCG@1": 0.092,
      "NDCG@3": 0.12001,
      "NDCG@5": 0.1336,
      "NDCG@10": 0.13859
    },
    "Recall": {
      "Recall@1": 0.07683,
      "Recall@3": 0.14167,
      "Recall@5": 0.17433,
      "Recall@10": 0.18833
    },
    "MRR": {
      "MRR@1": 0.092,
      "MRR@3": 0.12367,
      "MRR@5": 0.13077,
      "MRR@10": 0.13339
    }
  },
  "hybrid": {
    "nDCG": {
      "NDCG@1": 0.108,
      "NDCG@3": 0.1555,
      "NDCG@5": 0.19472,
      "NDCG@10": 0.20344
    },
    "Recall": {
      "Recall@1": 0.09183,
      "Recall@3": 0.19133,
      "Recall@5": 0.28367,
      "Recall@10": 0.30833
    },
    "MRR": {
      "MRR@1": 0.108,
      "MRR@3": 0.156,
      "MRR@5": 0.1785,
      "MRR@10": 0.18225
    }
  }
}