{
  "bm25": {
    "nDCG": {
      "NDCG@1": 0.11,
      "NDCG@3": 0.15695,
      "NDCG@5": 0.18912,
      "NDCG@10": 0.22233
    },
    "Recall": {
      "Recall@1": 0.0905,
      "Recall@3": 0.19217,
      "Recall@5": 0.26767,
      "Recall@10": 0.36433
    },
    "MRR": {
      "MRR@1": 0.11,
      "MRR@3": 0.16033,
      "MRR@5": 0.17903,
      "MRR@10": 0.19197
    }
  },
  "dense": {
    "nDCG": {
      "NDCG@1": 0.092,
      "NDCG@3": 0.11951,
      "NDCG@5": 0.13233,
      "NDCG@10": 0.14322
    },
    "Recall": {
      "Recall@1": 0.07917,
      "Recall@3": 0.14117,
      "Recall@5": 0.17167,
      "Recall@10": 0.204
    },
    "MRR": {
      "MRR@1": 0.092,
      "MRR@3": 0.12167,
      "MRR@5": 0.12917,
      "MRR@10": 0.13408
    }
  },
  "hybrid": {
    "nDCG": {
      "NDCG@1": 0.11,
      "NDCG@3": 0.16034,
      "NDCG@5": 0.19062,
      "NDCG@10": 0.22311
    },
    "Recall": {
      "Recall@1": 0.09183,
      "Recall@3": 0.19817,
      "Recall@5": 0.26967,
      "Recall@10": 0.36433
    },
    "MRR": {
      "MRR@1": 0.11,
      "MRR@3": 0.16233,
      "MRR@5": 0.17983,
      "MRR@10": 0.19243
    }
  }
}