{
  "bm25": {
    "nDCG": {
      "NDCG@1": 0.116,
      "NDCG@3": 0.15321,
      "NDCG@5": 0.18313,
      "NDCG@10": 0.20233
    },
    "Recall": {
      "Recall@1": 0.09917,
      "Recall@3": 0.18567,
      "Recall@5": 0.25467,
      "Recall@10": 0.31
    },
    "MRR": {
      "MRR@1": 0.116,
      "MRR@3": 0.15533,
      "MRR@5": 0.17213,
      "MRR@10": 0.18033
    }
  },
  "dense": {
    "nDCG": {
      "NDCG@1": 0.078,
      "NDCG@3": 0.11074,
      "NDCG@5": 0.12262,
      "NDCG@10": 0.13587
    },
    "Recall": {
      "Recall@1": 0.06483,
      "Recall@3": 0.13533,
      "Recall@5": 0.16333,
      "Recall@10": 0.202
    },
    "MRR": {
      "MRR@1": 0.078,
      "MRR@3": 0.114,
      "MRR@5": 0.1201,
      "MRR@10": 0.12599
    }
  },
  "hybrid": {
    "nDCG": {
      "NDCG@1": 0.106,
      "NDCG@3": 0.15375,
      "NDCG@5": 0.17996,
      "NDCG@10": 0.20284
    },
    "Recall": {
      "Recall@1": 0.0895,
      "Recall@3": 0.19067,
      "Recall@5": 0.25067,
      "Recall@10": 0.317
    },
    "MRR": {
      "MRR@1": 0.106,
      "MRR@3": 0.15533,
      "MRR@5": 0.17043,
      "MRR@10": 0.17961
    }
  }
}